Name,Team,PTS,PTS/G,NameASCII,FangraphsId,MLBAMID,VORP,isRP
Emmanuel Clase,CLE,551.25,8.55,Emmanuel Clase,21032,661403,204.07199999999995,True
Edwin Díaz,NYM,547.27,8.89,Edwin Diaz,14710,621242,200.09199999999993,True
Josh Hader,HOU,532.34,8.71,Josh Hader,14212,623352,185.16199999999998,True
Ryan Helsley,STL,529.21,8.75,Ryan Helsley,18138,664854,182.03199999999998,True
Raisel Iglesias,ATL,528.68,8.22,Raisel Iglesias,17130,628452,181.5019999999999,True
Devin Williams,NYY,502.78,9.02,Devin Williams,15816,642207,155.60199999999992,True
Mason Miller,ATH,478.44,7.95,Mason Miller,31757,695243,131.26199999999994,True
Jhoan Duran,MIN,475.27,7.91,Jhoan Duran,21029,661395,128.09199999999993,True
Félix Bautista,BAL,452.05,8.72,Felix Bautista,20666,642585,104.87199999999996,True
Andrés Muñoz,SEA,446.87,7.79,Andres Munoz,20373,662253,99.69199999999995,True
Ryan Walker,SFG,441.96,6.8,Ryan Walker,20423,676254,94.78199999999993,True
Robert Suarez,SDP,436.4,7.44,Robert Suarez,30115,663158,89.22199999999992,True
Jeff Hoffman,TOR,430.29,7.12,Jeff Hoffman,17432,656546,83.11199999999997,True
Tanner Scott,LAD,413.95,6.56,Tanner Scott,17586,656945,66.77199999999993,True
Trevor Megill,MIL,387.66,7.14,Trevor Megill,17722,656730,40.48199999999997,True
Justin Martinez,ARI,385.62,6.28,Justin Martinez,24453,679885,38.44199999999995,True
Alexis Díaz,CIN,383.54,6.22,Alexis Diaz,21132,664747,36.361999999999966,True
Ryan Pressly,CHC,378.52,6.75,Ryan Pressly,7005,519151,31.341999999999928,True
Pete Fairbanks,TBR,367.62,7.28,Pete Fairbanks,17998,664126,20.44199999999995,True
Jordan Romano,PHI,362.37,7.35,Jordan Romano,16122,605447,15.19199999999995,True
Luis Garcia,HOU,360.96,11.63,Luis Garcia,23735,677651,13.781999999999925,True
David Bednar,PIT,360.01,6.21,David Bednar,19569,670280,12.831999999999937,True
Carlos Estévez,KCR,352.44,5.94,Carlos Estevez,14542,608032,5.261999999999944,True
Kyle Finnegan,WSN,351.72,6.33,Kyle Finnegan,15009,640448,4.541999999999973,True
Kenley Jansen,LAA,350.11,6.6,Kenley Jansen,3096,445276,2.9319999999999595,True
Liam Hendriks,BOS,321.61,6.46,Liam Hendriks,3548,521230,-25.56800000000004,True
Aroldis Chapman,BOS,312.98,5.26,Aroldis Chapman,10233,547973,-34.198000000000036,True
Lucas Erceg,KCR,307.57,5.06,Lucas Erceg,19360,668674,-39.60800000000006,True
Jason Foley,DET,306.03,5.19,Jason Foley,19531,671345,-41.14800000000008,True
A.J. Puk,ARI,305.7,5.14,A.J. Puk,19343,640462,-41.478000000000065,True
Kirby Yates,LAD,301.89,5.43,Kirby Yates,9073,489446,-45.28800000000007,True
Calvin Faucher,MIA,298.96,5.44,Calvin Faucher,20116,676534,-48.218000000000075,True
Chris Martin,TEX,295.42,5.45,Chris Martin,11847,455119,-51.75800000000004,True
Camilo Doval,SFG,271.13,4.39,Camilo Doval,21992,666808,-76.04800000000006,True
Ben Joyce,LAA,270.35,4.94,Ben Joyce,31461,690829,-76.82800000000003,True
Griffin Jax,MIN,267.89,4.35,Griffin Jax,20253,643377,-79.28800000000007,True
Porter Hodge,CHC,267.34,4.76,Porter Hodge,26413,687863,-79.83800000000008,True
Edwin Uceta,TBR,261.41,4.78,Edwin Uceta,20539,670955,-85.76800000000003,True
Robert Garcia,TEX,260.56,4.24,Robert Garcia,23363,676395,-86.61800000000005,True
Cody Bradford,TEX,258.11,6.27,Cody Bradford,27597,674003,-89.06800000000004,True
Jason Adam,SDP,255.44,3.99,Jason Adam,11861,592094,-91.73800000000006,True
Tyler Kinley,COL,250.84,4.32,Tyler Kinley,18297,641755,-96.33800000000005,True
Seth Halvorsen,COL,246.67,4.25,Seth Halvorsen,33294,678020,-100.50800000000007,True
Bryan Abreu,HOU,246.22,3.61,Bryan Abreu,16609,650556,-100.95800000000006,True
Matt Strahm,PHI,243.29,3.98,Matt Strahm,13799,621381,-103.88800000000006,True
Jesus Tinoco,MIA,237.95,4.06,Jesus Tinoco,16300,622786,-109.22800000000007,True
Orion Kerkering,PHI,237.82,4.09,Orion Kerkering,31776,689147,-109.35800000000006,True
Kevin Ginkel,ARI,235.0,3.96,Kevin Ginkel,19876,656464,-112.17800000000005,True
Tyler Holton,DET,231.76,3.93,Tyler Holton,26231,663947,-115.41800000000006,True
Joel Payamps,MIL,225.99,3.79,Joel Payamps,14332,606303,-121.18800000000005,True
Tony Gonsolin,LAD,225.96,7.73,Tony Gonsolin,19388,664062,-121.21800000000005,True
Luke Weaver,NYY,225.4,3.83,Luke Weaver,16918,596133,-121.77800000000005,True
Michael Soroka,WSN,224.6,6.38,Michael Soroka,18383,647336,-122.57800000000006,True
Justin Slaten,BOS,223.68,3.86,Justin Slaten,25648,686580,-123.49800000000005,True
Kris Bubic,KCR,222.78,6.84,Kris Bubic,21455,663460,-124.39800000000005,True
Blake Treinen,LAD,222.63,4.29,Blake Treinen,12572,595014,-124.54800000000006,True
Jeremiah Estrada,SDP,222.55,3.79,Jeremiah Estrada,22210,669093,-124.62800000000004,True
Beau Brieske,DET,222.53,4.21,Beau Brieske,26079,689225,-124.64800000000005,True
Hayden Wesneski,HOU,222.32,5.73,Hayden Wesneski,27581,669713,-124.85800000000006,True
Cade Smith,CLE,221.68,3.5,Cade Smith,27867,671922,-125.49800000000005,True
Chad Green,TOR,217.25,3.95,Chad Green,15552,643338,-129.92800000000005,True
Ryne Nelson,ARI,214.91,5.83,Ryne Nelson,26253,669194,-132.26800000000006,True
Cole Sands,MIN,214.42,3.85,Cole Sands,21461,663485,-132.75800000000007,True
Yimi García,TOR,211.52,3.92,Yimi Garcia,12095,554340,-135.65800000000004,True
Seranthony Domínguez,BAL,210.08,3.5,Seranthony Dominguez,19249,622554,-137.09800000000004,True
Derek Law,WSN,210.02,3.29,Derek Law,13133,571882,-137.15800000000004,True
Joey Cantillo,CLE,209.43,7.32,Joey Cantillo,23335,676282,-137.74800000000005,True
Jorge López,WSN,208.18,3.57,Jorge Lopez,14527,605347,-138.99800000000005,True
Justin Anderson,CHW,207.67,3.52,Justin Anderson,16201,605121,-139.50800000000007,True
Yariel Rodríguez,TOR,206.78,5.4,Yariel Rodriguez,33838,684320,-140.39800000000005,True
José Leclerc,ATH,205.88,3.34,Jose Leclerc,14524,600917,-141.29800000000006,True
Pierce Johnson,ATL,205.73,3.45,Pierce Johnson,13435,572955,-141.44800000000006,True
Reed Garrett,NYM,205.33,3.6,Reed Garrett,16866,657585,-141.84800000000004,True
Tylor Megill,NYM,202.34,5.37,Tylor Megill,21318,656731,-144.83800000000005,True
Aaron Ashby,MIL,201.12,6.31,Aaron Ashby,23550,676879,-146.05800000000005,True
Michael Kopech,LAD,199.47,4.13,Michael Kopech,17282,656629,-147.70800000000006,True
Andrew Kittredge,BAL,198.2,3.3,Andrew Kittredge,12828,552640,-148.97800000000007,True
Taylor Rogers,CIN,194.95,3.34,Taylor Rogers,13449,573124,-152.22800000000007,True
José Alvarado,PHI,194.46,3.43,Jose Alvarado,17780,621237,-152.71800000000005,True
Tony Santillan,CIN,194.45,3.55,Tony Santillan,19926,663574,-152.72800000000007,True
Griffin Canning,NYM,193.93,6.2,Griffin Canning,19867,656288,-153.24800000000005,True
Jose A. Ferrer,WSN,192.83,3.32,Jose A. Ferrer,24017,678606,-154.34800000000004,True
Anthony Bender,MIA,192.74,3.46,Anthony Bender,19742,669622,-154.43800000000005,True
Dennis Santana,PIT,192.37,3.22,Dennis Santana,17878,642701,-154.80800000000005,True
Jared Koenig,MIL,192.32,3.49,Jared Koenig,27517,657649,-154.85800000000006,True
Garrett Cleavinger,TBR,188.97,3.26,Garrett Cleavinger,17897,664076,-158.20800000000006,True
Garrett Whitlock,BOS,187.97,4.05,Garrett Whitlock,20191,676477,-159.20800000000006,True
Dustin May,LAD,187.93,5.11,Dustin May,19716,669160,-159.24800000000005,True
Victor Vodnik,COL,187.32,3.27,Victor Vodnik,24614,680767,-159.85800000000006,True
Bryan Hudson,MIL,186.71,3.56,Bryan Hudson,19924,663542,-160.46800000000005,True
Zebby Matthews,MIN,185.67,6.68,Zebby Matthews,31827,805673,-161.50800000000007,True
Kyle Wright,KCR,185.34,7.0,Kyle Wright,19665,657140,-161.83800000000005,True
Aaron Bummer,ATL,185.14,3.07,Aaron Bummer,16258,607481,-162.03800000000007,True
Keegan Akin,BAL,184.84,3.1,Keegan Akin,19362,669211,-162.33800000000005,True
Albert Suárez,BAL,183.5,4.31,Albert Suarez,6175,544150,-163.67800000000005,True
Andrew Nardi,MIA,182.83,3.3,Andrew Nardi,25942,677053,-164.34800000000004,True
Manuel Rodríguez,TBR,182.27,3.2,Manuel Rodriguez,20794,655889,-164.90800000000004,True
Fernando Cruz,NYY,180.77,3.04,Fernando Cruz,7048,518585,-166.40800000000004,True
Héctor Neris,ATL,180.06,3.51,Hector Neris,11804,593576,-167.11800000000005,True
Evan Phillips,LAD,180.01,3.71,Evan Phillips,17734,623465,-167.16800000000006,True
Jacob Webb,TEX,179.94,3.03,Jacob Webb,19274,657097,-167.23800000000006,True
Fraser Ellard,CHW,179.76,2.97,Fraser Ellard,29530,686642,-167.41800000000006,True
A.J. Minter,NYM,178.87,3.38,A.J. Minter,18655,621345,-168.30800000000005,True
José Buttó,NYM,178.74,3.56,Jose Butto,23313,676130,-168.43800000000005,True
Bryse Wilson,CHW,177.44,5.41,Bryse Wilson,19990,669060,-169.73800000000006,True
Dane Dunning,TEX,177.05,3.86,Dane Dunning,19409,641540,-170.12800000000004,True
Alex Vesia,LAD,176.21,3.11,Alex Vesia,25007,681911,-170.96800000000005,True
Yennier Cano,BAL,175.24,2.95,Yennier Cano,25911,666974,-171.93800000000005,True
Kyle Hart,SDP,175.1,7.0,Kyle Hart,19646,606996,-172.07800000000006,True
David Robertson,,174.97,4.15,David Robertson,8241,502085,-172.20800000000006,True
Will Vest,DET,174.82,2.89,Will Vest,19769,676684,-172.35800000000006,True
DL Hall,MIL,174.05,5.2,DL Hall,22207,669084,-173.12800000000004,True
Tyler Ferguson,ATH,173.74,2.96,Tyler Ferguson,19481,621053,-173.43800000000005,True
JoJo Romero,STL,173.25,3.13,JoJo Romero,19574,668941,-173.92800000000005,True
Dylan Lee,ATL,171.91,3.05,Dylan Lee,19996,669276,-175.26800000000006,True
Matthew Liberatore,STL,170.67,3.53,Matthew Liberatore,22294,669461,-176.50800000000007,True
Jakob Junis,CLE,170.44,4.51,Jakob Junis,13619,596001,-176.73800000000006,True
Paul Sewald,CLE,170.33,3.25,Paul Sewald,13892,623149,-176.84800000000004,True
Craig Kimbrel,,170.07,3.99,Craig Kimbrel,6655,518886,-177.10800000000006,True
Michel Otañez,ATH,169.33,3.14,Michel Otanez,22533,671305,-177.84800000000004,True
Cade Cavalli,WSN,168.94,7.54,Cade Cavalli,27473,676917,-178.23800000000006,True
Hunter Harvey,KCR,168.74,3.0,Hunter Harvey,15507,640451,-178.43800000000005,True
Trent Thornton,SEA,168.72,2.87,Trent Thornton,17948,663423,-178.45800000000006,True
Erik Swanson,TOR,167.98,3.03,Erik Swanson,16587,657024,-179.19800000000006,True
Tyler Rogers,SFG,167.66,2.54,Tyler Rogers,15541,643511,-179.51800000000006,True
Hunter Gaddis,CLE,167.23,2.98,Hunter Gaddis,25636,683769,-179.94800000000006,True
Emilio Pagán,CIN,166.38,2.95,Emilio Pagan,14771,641941,-180.79800000000006,True
Yuki Matsui,SDP,165.3,3.11,Yuki Matsui,33826,673513,-181.87800000000004,True
Ryne Stanek,NYM,164.88,2.98,Ryne Stanek,15947,592773,-182.29800000000006,True
Erik Miller,SFG,163.35,2.82,Erik Miller,26252,669062,-183.82800000000006,True
Colin Holderman,PIT,163.07,2.87,Colin Holderman,22361,670059,-184.10800000000006,True
Johan Oviedo,PIT,162.39,6.04,Johan Oviedo,22487,670912,-184.78800000000007,True
José Suarez,LAA,162.14,3.86,Jose Suarez,19911,660761,-185.03800000000007,True
AJ Smith-Shawver,ATL,162.01,5.55,AJ Smith-Shawver,29960,700363,-185.16800000000006,True
Ryan Fernandez,STL,161.55,2.75,Ryan Fernandez,24862,681676,-185.62800000000004,True
Adrian Morejon,SDP,160.74,2.89,Adrian Morejon,20039,670970,-186.43800000000005,True
Tanner Banks,PHI,160.73,2.8,Tanner Banks,16990,621383,-186.44800000000006,True
Tayler Scott,HOU,160.35,2.81,Tayler Scott,13652,605463,-186.82800000000006,True
Gregory Soto,BAL,158.58,2.87,Gregory Soto,19677,642397,-188.59800000000004,True
Mark Leiter Jr.,NYY,158.48,3.01,Mark Leiter Jr.,15551,643410,-188.69800000000006,True
Ryan Thompson,ARI,158.46,2.72,Ryan Thompson,16647,657044,-188.71800000000005,True
Ian Hamilton,NYY,158.2,3.26,Ian Hamilton,19261,641656,-188.97800000000007,True
Brock Burke,LAA,158.19,2.8,Brock Burke,17968,656271,-188.98800000000006,True
Nick Sandlin,TOR,158.03,2.75,Nick Sandlin,20517,680704,-189.14800000000005,True
J.T. Ginn,ATH,157.96,6.33,J.T. Ginn,27889,669372,-189.21800000000005,True
Colin Poche,WSN,157.94,3.24,Colin Poche,19403,621363,-189.23800000000006,True
Nate Pearson,CHC,157.71,3.06,Nate Pearson,20160,663878,-189.46800000000005,True
Tyson Miller,CHC,157.47,3.05,Tyson Miller,19976,668338,-189.70800000000006,True
Tim Herrin,CLE,156.87,2.74,Tim Herrin,25139,682120,-190.30800000000005,True
Gus Varland,CHW,156.05,2.85,Gus Varland,24737,681402,-191.12800000000004,True
Scott Barlow,CIN,153.82,2.77,Scott Barlow,14993,605130,-193.35800000000006,True
Gregory Santos,SEA,153.08,3.16,Gregory Santos,21894,666619,-194.09800000000004,True
Justin Lawrence,PIT,151.94,2.58,Justin Lawrence,17639,664875,-195.23800000000006,True
Hans Crouse,LAA,151.3,3.08,Hans Crouse,22192,668968,-195.87800000000004,True
Shawn Armstrong,TEX,150.74,2.6,Shawn Armstrong,12857,542888,-196.43800000000005,True
Carmen Mlodzinski,PIT,149.91,2.91,Carmen Mlodzinski,27572,669387,-197.26800000000006,True
Jorge Alcala,MIN,149.85,2.74,Jorge Alcala,19459,660896,-197.32800000000006,True
Declan Cronin,MIA,149.03,2.56,Declan Cronin,25645,686539,-198.14800000000005,True
John Schreiber,KCR,147.14,2.63,John Schreiber,20020,670167,-200.03800000000007,True
Nick Mears,MIL,146.33,2.69,Nick Mears,25376,683232,-200.84800000000004,True
Kenta Maeda,DET,145.58,3.82,Kenta Maeda,18498,628317,-201.59800000000004,True
Collin Snider,SEA,145.02,2.69,Collin Snider,23307,676092,-202.15800000000004,True
Jake Cousins,NYY,144.15,3.02,Jake Cousins,21620,664776,-203.02800000000005,True
Daysbel Hernández,ATL,143.29,3.2,Daysbel Hernandez,20271,678226,-203.88800000000006,True
Joe Mantiply,ARI,142.88,2.53,Joe Mantiply,14857,573009,-204.29800000000006,True
Dedniel Núñez,NYM,142.88,3.38,Dedniel Nunez,23055,673380,-204.29800000000006,True
Michael Tonkin,MIN,142.5,2.85,Michael Tonkin,10315,543859,-204.67800000000005,True
Keegan Thompson,CHC,142.41,3.35,Keegan Thompson,19795,624522,-204.76800000000006,True
Prelander Berroa,CHW,141.98,3.36,Prelander Berroa,22932,672860,-205.19800000000006,True
Matt Brash,SEA,140.9,3.91,Matt Brash,25756,666374,-206.27800000000005,True
Elvis Peguero,MIL,140.22,2.79,Elvis Peguero,21652,665625,-206.95800000000006,True
Kaleb Ort,HOU,139.53,2.63,Kaleb Ort,20061,672391,-207.64800000000005,True
Ryan Brasier,CHC,137.1,2.75,Ryan Brasier,5615,518489,-210.07800000000006,True
Erik Sabrowski,CLE,137.04,3.0,Erik Sabrowski,24978,681870,-210.13800000000006,True
Greg Weissert,BOS,136.97,2.59,Greg Weissert,20375,669711,-210.20800000000006,True
José Quijada,LAA,136.67,2.67,Jose Quijada,19200,650671,-210.50800000000007,True
Sean Hjelle,SFG,136.05,2.65,Sean Hjelle,21481,663546,-211.12800000000004,True
Shinnosuke Ogasawara,WSN,135.47,4.44,Shinnosuke Ogasawara,sa3058454,829272,-211.70800000000006,True
Luis Peralta,COL,135.35,2.45,Luis Peralta,24203,678821,-211.82800000000006,True
Mason Montgomery,TBR,135.04,2.81,Mason Montgomery,29770,682254,-212.13800000000006,True
Hoby Milner,TEX,134.99,2.51,Hoby Milner,13346,571948,-212.18800000000005,True
Kevin Kelly,TBR,134.96,2.66,Kevin Kelly,25679,687330,-212.21800000000005,True
Lucas Sims,WSN,134.83,2.58,Lucas Sims,13470,608371,-212.34800000000004,True
Brock Stewart,MIN,134.54,2.96,Brock Stewart,16727,592779,-212.63800000000006,True
Bryan Hoeing,SDP,134.51,2.69,Bryan Hoeing,26304,663773,-212.66800000000006,True
Cam Booser,CHW,134.36,2.53,Cam Booser,16061,592155,-212.81800000000004,True
Andrew Chafin,DET,134.34,2.77,Andrew Chafin,12988,605177,-212.83800000000005,True
Joey Wentz,PIT,134.11,2.67,Joey Wentz,19962,666214,-213.06800000000004,True
Louis Varland,MIN,133.71,3.35,Louis Varland,27691,686973,-213.46800000000005,True
Caleb Ferguson,PIT,133.63,2.5,Caleb Ferguson,19349,657571,-213.54800000000006,True
Sam Moll,CIN,133.36,2.46,Sam Moll,14874,594580,-213.81800000000004,True
Tayler Saucedo,SEA,132.82,2.43,Tayler Saucedo,17888,642048,-214.35800000000006,True
Landon Knack,LAD,132.34,4.19,Landon Knack,27487,689017,-214.83800000000005,True
Ben Brown,CHC,131.43,5.16,Ben Brown,23590,676962,-215.74800000000005,True
Alex Faedo,TBR,131.05,3.23,Alex Faedo,19874,656412,-216.12800000000004,True
Joe Ross,PHI,131.04,3.62,Joe Ross,12972,605452,-216.13800000000006,True
Anthony Banda,LAD,130.92,2.66,Anthony Banda,14706,607455,-216.25800000000007,True
Landen Roupp,SFG,130.87,4.11,Landen Roupp,30076,694738,-216.30800000000005,True
Tommy Kahnle,DET,129.42,2.79,Tommy Kahnle,11384,592454,-217.75800000000007,True
Luke Jackson,TEX,128.92,2.72,Luke Jackson,11752,592426,-218.25800000000007,True
José Ruiz,PHI,128.87,2.5,Jose Ruiz,14552,614179,-218.30800000000005,True
Danny Coulombe,MIN,128.21,2.8,Danny Coulombe,13293,543056,-218.96800000000005,True
Dylan Floro,ATH,128.03,2.43,Dylan Floro,13394,571670,-219.14800000000005,True
Yilber Diaz,ARI,128.0,4.05,Yilber Diaz,29271,700270,-219.17800000000005,True
Chris Stratton,KCR,127.95,2.51,Chris Stratton,13761,608717,-219.22800000000007,True
Danny Young,NYM,127.82,2.71,Danny Young,18439,664849,-219.35800000000006,True
Brent Suter,CIN,127.34,2.48,Brent Suter,13942,608718,-219.83800000000005,True
Ryan Zeferjahn,LAA,127.22,2.67,Ryan Zeferjahn,25420,666171,-219.95800000000006,True
Kyle Nicolas,PIT,126.79,2.46,Kyle Nicolas,27775,693312,-220.38800000000003,True
Josh Winckowski,BOS,126.61,2.8,Josh Winckowski,22387,670174,-220.56800000000004,True
Angel Chivilli,COL,125.1,2.54,Angel Chivilli,26790,683409,-222.07800000000006,True
Taijuan Walker,PHI,124.95,3.76,Taijuan Walker,11836,592836,-222.22800000000007,True
Michael McGreevy,STL,124.82,4.2,Michael McGreevy,29869,700241,-222.35800000000006,True
Caleb Thielbar,CHC,123.74,2.59,Caleb Thielbar,10078,573204,-223.43800000000005,True
Scott Alexander,COL,123.54,2.43,Scott Alexander,10591,518397,-223.63800000000003,True
Cionel Pérez,BAL,123.27,2.31,Cionel Perez,19614,672335,-223.90800000000007,True
Gunnar Hoglund,ATH,122.58,4.61,Gunnar Hoglund,sa3019785,680684,-224.59800000000007,True
Kendall Graveman,ARI,122.28,2.74,Kendall Graveman,15514,608665,-224.89800000000005,True
Buck Farmer,ATL,120.61,2.5,Buck Farmer,14814,571656,-226.56800000000004,True
Abner Uribe,MIL,120.06,3.28,Abner Uribe,25327,682842,-227.11800000000005,True
Phil Maton,,120.04,2.39,Phil Maton,18064,664208,-227.13800000000003,True
Shelby Miller,ARI,119.91,2.7,Shelby Miller,10197,571946,-227.26800000000006,True
Tristan Beck,SFG,119.86,3.25,Tristan Beck,21584,663941,-227.31800000000004,True
Angel Zerpa,KCR,119.74,2.38,Angel Zerpa,22717,672582,-227.43800000000005,True
Brant Hurter,DET,119.31,3.48,Brant Hurter,30133,676428,-227.86800000000005,True
Shane Smith,CHW,119.3,2.63,Shane Smith,sa3020469,681343,-227.87800000000004,True
John King,STL,118.95,2.2,John King,22051,667463,-228.22800000000007,True
Jacob Misiorowski,MIL,118.85,3.44,Jacob Misiorowski,sa3020644,694819,-228.32800000000006,True
Brady Basso,ATH,118.82,3.62,Brady Basso,25582,669620,-228.35800000000006,True
Daniel Lynch IV,KCR,118.42,3.44,Daniel Lynch IV,21537,663738,-228.75800000000004,True
Sam Long,KCR,118.06,2.5,Sam Long,25379,669674,-229.11800000000005,True
Wandy Peralta,SDP,117.95,2.5,Wandy Peralta,14295,593974,-229.22800000000007,True
Hunter Bigge,TBR,117.81,2.4,Hunter Bigge,26259,685801,-229.36800000000005,True
Angel Perdomo,ATL,117.79,2.76,Angel Perdomo,17759,622780,-229.38800000000003,True
Joe Boyle,TBR,117.55,4.4,Joe Boyle,29608,671212,-229.62800000000004,True
Jordan Leasure,CHW,116.53,2.45,Jordan Leasure,29950,673929,-230.64800000000005,True
Bryan King,HOU,116.1,2.42,Bryan King,25890,687911,-231.07800000000006,True
Randy Rodríguez,SFG,115.8,2.84,Randy Rodriguez,23974,678495,-231.37800000000004,True
Bobby Miller,LAD,115.38,4.04,Bobby Miller,27483,676272,-231.79800000000006,True
Eli Morgan,CHC,115.24,2.74,Eli Morgan,20203,669212,-231.93800000000005,True
Andrew Walters,CLE,114.52,2.56,Andrew Walters,33834,689958,-232.65800000000007,True
John Brebbia,DET,114.5,2.46,John Brebbia,12777,605154,-232.67800000000005,True
Emerson Hancock,SEA,114.3,6.55,Emerson Hancock,27470,676106,-232.87800000000004,True
Julian Merryweather,CHC,113.88,2.74,Julian Merryweather,16703,657240,-233.29800000000006,True
Lance McCullers Jr.,HOU,113.52,6.78,Lance McCullers Jr.,14120,621121,-233.65800000000007,True
Valente Bellozo,MIA,113.41,5.68,Valente Bellozo,23899,678368,-233.76800000000006,True
Justin Wilson,BOS,113.01,2.22,Justin Wilson,4301,458677,-234.16800000000006,True
Grant Holman,ATH,112.89,2.24,Grant Holman,30002,680880,-234.28800000000007,True
Graham Ashcraft,CIN,112.59,3.04,Graham Ashcraft,27552,668933,-234.58800000000005,True
Jared Shuster,CHW,112.48,3.02,Jared Shuster,27472,694363,-234.69800000000004,True
Alex Lange,DET,111.9,3.78,Alex Lange,19883,656638,-235.27800000000005,True
Troy Taylor,SEA,111.73,2.44,Troy Taylor,31883,700187,-235.44800000000004,True
Tyler Alexander,MIL,111.61,3.57,Tyler Alexander,17735,641302,-235.56800000000004,True
Tim Hill,NYY,110.88,1.99,Tim Hill,16814,657612,-236.29800000000006,True
Trevor Rogers,BAL,109.35,5.48,Trevor Rogers,22286,669432,-237.82800000000006,True
Kyle Leahy,STL,108.29,2.41,Kyle Leahy,24763,681517,-238.88800000000003,True
Gabe Speier,SEA,108.16,2.3,Gabe Speier,17170,642100,-239.01800000000006,True
Brennan Bernardino,BOS,107.85,2.5,Brennan Bernardino,16835,657514,-239.32800000000006,True
Anthony Veneziano,MIA,107.46,2.5,Anthony Veneziano,27453,685107,-239.71800000000007,True
Carson Spiers,CIN,107.32,3.55,Carson Spiers,27685,686730,-239.85800000000006,True
Hogan Harris,ATH,106.86,3.03,Hogan Harris,21520,663687,-240.31800000000004,True
Jordan Wicks,CHC,106.7,5.96,Jordan Wicks,30094,696136,-240.47800000000007,True
Brendon Little,TOR,106.55,2.12,Brendon Little,21574,663893,-240.62800000000004,True
Drew Smyly,,106.39,2.95,Drew Smyly,11760,592767,-240.78800000000007,True
Sean Reid-Foley,NYM,106.21,2.59,Sean Reid-Foley,17034,656887,-240.96800000000007,True
Zack Thompson,STL,106.14,3.06,Zack Thompson,25918,668868,-241.03800000000007,True
Evan Reifert,WSN,105.24,2.65,Evan Reifert,sa3014860,682126,-241.93800000000005,True
Jhony Brito,SDP,104.85,3.54,Jhony Brito,25386,666745,-242.32800000000006,True
JT Brubaker,NYY,104.83,3.26,JT Brubaker,17578,664141,-242.34800000000007,True
Austin Voth,,104.31,2.48,Austin Voth,15047,608723,-242.86800000000005,True
Chase Silseth,LAA,104.25,3.69,Chase Silseth,30074,681217,-242.92800000000005,True
Will Warren,NYY,104.05,3.66,Will Warren,30182,701542,-243.12800000000004,True
Justin Topa,MIN,104.0,2.67,Justin Topa,15145,623437,-243.17800000000005,True
Drey Jameson,ARI,103.74,3.06,Drey Jameson,26260,686753,-243.43800000000005,True
Ryan Burr,TOR,103.44,2.5,Ryan Burr,17536,621114,-243.73800000000006,True
Eduard Bazardo,SEA,103.44,2.96,Eduard Bazardo,20997,660825,-243.73800000000006,True
Zach Brzykcy,WSN,103.2,2.21,Zach Brzykcy,27783,694350,-243.97800000000007,True
Michael Fulmer,BOS,103.19,2.53,Michael Fulmer,13218,605242,-243.98800000000006,True
Slade Cecconi,CLE,102.48,3.38,Slade Cecconi,27500,677944,-244.69800000000004,True
T.J. McFarland,ATH,102.06,1.77,T.J. McFarland,3237,519008,-245.11800000000005,True
Adam Ottavino,BOS,101.94,2.67,Adam Ottavino,1247,493603,-245.23800000000006,True
Mason Black,SFG,101.69,4.02,Mason Black,30171,696131,-245.48800000000006,True
Jacob Latz,TEX,101.52,2.33,Jacob Latz,21306,656641,-245.65800000000007,True
Forrest Whitley,HOU,101.28,2.63,Forrest Whitley,19586,666215,-245.89800000000005,True
Rafael Montero,HOU,100.93,2.46,Rafael Montero,12760,606160,-246.24800000000005,True
Lake Bachar,MIA,99.97,2.09,Lake Bachar,19222,669199,-247.20800000000006,True
Sean Guenther,DET,99.74,2.65,Sean Guenther,20045,674944,-247.43800000000005,True
Mike Burrows,PIT,99.52,3.73,Mike Burrows,24728,681347,-247.65800000000007,True
Jacob Waguespack,TBR,99.49,3.18,Jacob Waguespack,18318,621097,-247.68800000000005,True
Jeff Criswell,COL,99.02,2.73,Jeff Criswell,27608,676105,-248.15800000000007,True
Riley O'Brien,STL,99.01,2.4,Riley O'Brien,20348,676617,-248.16800000000006,True
Chayce McDermott,BAL,99.0,5.0,Chayce McDermott,29866,694646,-248.17800000000005,True
Craig Yoho,MIL,98.23,2.76,Craig Yoho,sa3023032,684974,-248.94800000000004,True
Richard Fitts,BOS,97.58,3.9,Richard Fitts,30160,690916,-249.59800000000007,True
Matt Manning,DET,97.44,3.89,Matt Manning,20369,666159,-249.73800000000006,True
Michael Grove,LAD,96.88,2.97,Michael Grove,23221,675627,-250.29800000000006,True
Marc Church,TEX,95.98,2.67,Marc Church,26353,687847,-251.19800000000004,True
Huascar Brazobán,NYM,95.91,2.52,Huascar Brazoban,6107,623211,-251.26800000000006,True
Pedro Avila,,95.01,4.65,Pedro Avila,18864,658648,-252.16800000000006,True
Nick Hernandez,HOU,95.01,2.68,Nick Hernandez,19281,663321,-252.16800000000006,True
Hunter Strickland,,94.7,2.5,Hunter Strickland,7836,519326,-252.47800000000007,True
Seth Martinez,SEA,94.26,2.69,Seth Martinez,21045,661527,-252.91800000000006,True
Keider Montero,DET,94.16,5.35,Keider Montero,22630,672456,-253.01800000000006,True
Tim Mayza,PIT,93.97,2.0,Tim Mayza,15042,641835,-253.20800000000006,True
Jalen Beeks,,93.5,2.67,Jalen Beeks,17192,656222,-253.67800000000005,True
Sawyer Gipson-Long,DET,93.47,4.24,Sawyer Gipson-Long,26048,687830,-253.70800000000006,True
Walter Pennington,TEX,93.12,2.76,Walter Pennington,27624,679156,-254.05800000000005,True
Luke Little,CHC,92.69,2.87,Luke Little,28036,681432,-254.48800000000006,True
Ryan Yarbrough,TOR,92.6,3.36,Ryan Yarbrough,16502,642232,-254.57800000000006,True
James McArthur,KCR,91.77,3.04,James McArthur,21527,663704,-255.40800000000007,True
Justin Sterner,ATH,91.75,2.81,Justin Sterner,27694,686993,-255.42800000000005,True
Stephen Kolek,SDP,91.6,2.85,Stephen Kolek,21487,663568,-255.57800000000006,True
Bryan Baker,BAL,91.43,2.64,Bryan Baker,19804,641329,-255.74800000000005,True
Eduardo Salazar,WSN,91.09,2.18,Eduardo Salazar,23135,674285,-256.0880000000001,True
Spencer Bivens,SFG,90.42,3.08,Spencer Bivens,30226,702352,-256.75800000000004,True
Domingo Gonzalez,ATL,90.31,2.66,Domingo Gonzalez,sa3007495,682445,-256.86800000000005,True
Mike Clevinger,CHW,89.72,3.89,Mike Clevinger,12808,605182,-257.4580000000001,True
Max Lazar,PHI,89.56,2.54,Max Lazar,23426,676661,-257.61800000000005,True
Josh Sborz,TEX,89.51,3.26,Josh Sborz,18323,622250,-257.66800000000006,True
Carlos Vargas,SEA,88.48,2.22,Carlos Vargas,22915,672841,-258.69800000000004,True
Robert Stephenson,LAA,88.41,2.88,Robert Stephenson,13594,596112,-258.76800000000003,True
Kody Funderburk,MIN,88.25,2.67,Kody Funderburk,24993,681892,-258.92800000000005,True
Jake Bird,COL,87.8,2.28,Jake Bird,21267,656234,-259.37800000000004,True
Lucas Gilbreath,COL,87.79,1.94,Lucas Gilbreath,21290,656458,-259.38800000000003,True
Miguel Castro,HOU,87.77,2.61,Miguel Castro,15684,612434,-259.4080000000001,True
Jonathan Loáisiga,NYY,87.69,2.82,Jonathan Loaisiga,19753,642528,-259.48800000000006,True
Sean Reynolds,SDP,87.33,2.49,Sean Reynolds,22253,669308,-259.84800000000007,True
Ryan Gusto,HOU,87.07,3.82,Ryan Gusto,sa3011818,687473,-260.10800000000006,True
Bryce Jarvis,ARI,86.91,2.25,Bryce Jarvis,27477,686826,-260.26800000000003,True
Carlos Hernández,KCR,86.76,2.27,Carlos Hernandez,22713,672578,-260.41800000000006,True
Jairo Iriarte,CHW,85.67,3.57,Jairo Iriarte,26907,683568,-261.50800000000004,True
Joe Kelly,,85.43,2.63,Joe Kelly,9761,523260,-261.74800000000005,True
Jake Bloss,TOR,85.38,4.81,Jake Bloss,33168,814005,-261.79800000000006,True
Yosver Zulueta,CIN,85.07,2.46,Yosver Zulueta,27765,691172,-262.10800000000006,True
Tommy Nance,TOR,83.62,2.33,Tommy Nance,19178,667297,-263.55800000000005,True
Ronny Henriquez,MIA,83.33,2.39,Ronny Henriquez,24094,678692,-263.84800000000007,True
Tyler Zuber,NYM,83.13,2.46,Tyler Zuber,20379,676604,-264.04800000000006,True
Braxton Ashcraft,PIT,82.75,3.48,Braxton Ashcraft,sa3008470,677952,-264.42800000000005,True
Connor Thomas,MIL,82.2,2.31,Connor Thomas,sa3010784,671162,-264.97800000000007,True
Mason Englert,TBR,82.05,2.78,Mason Englert,22288,669438,-265.12800000000004,True
Clayton Beeter,NYY,82.03,3.0,Clayton Beeter,27494,690925,-265.148,True
George Soriano,MIA,82.01,2.64,George Soriano,21863,666277,-265.16800000000006,True
Garrett McDaniels,LAA,81.56,2.13,Garrett McDaniels,sa3020619,680729,-265.61800000000005,True
Shawn Dubin,HOU,81.05,2.73,Shawn Dubin,24977,681869,-266.12800000000004,True
Lou Trivino,SFG,80.95,2.48,Lou Trivino,15043,642152,-266.22800000000007,True
Colin Selby,BAL,80.75,2.58,Colin Selby,24986,681882,-266.42800000000005,True
Mason Thompson,WSN,80.58,2.48,Mason Thompson,21850,666168,-266.59800000000007,True
Brenan Hanifee,DET,80.09,2.58,Brenan Hanifee,22304,669724,-267.0880000000001,True
Ron Marinaccio,SDP,79.17,2.67,Ron Marinaccio,23488,676760,-268.00800000000004,True
Daniel Palencia,CHC,78.75,3.32,Daniel Palencia,27914,694037,-268.42800000000005,True
Dauri Moreta,PIT,78.66,2.73,Dauri Moreta,21101,664294,-268.51800000000003,True
Matt Moore,BOS,78.44,2.64,Matt Moore,1890,519043,-268.73800000000006,True
Giovanny Gallegos,LAD,77.71,2.72,Giovanny Gallegos,14986,606149,-269.4680000000001,True
Zack Kelly,BOS,77.58,2.8,Zack Kelly,20349,677161,-269.59800000000007,True
Daniel Robert,TEX,76.59,2.93,Daniel Robert,21229,642016,-270.5880000000001,True
Chris Roycroft,STL,76.52,2.56,Chris Roycroft,31261,688297,-270.6580000000001,True
Tanner Rainey,PIT,76.22,2.01,Tanner Rainey,17610,663432,-270.9580000000001,True
Ty Madden,DET,75.84,3.07,Ty Madden,30140,680744,-271.3380000000001,True
Trevor Stephan,CLE,75.52,2.87,Trevor Stephan,19932,663986,-271.6580000000001,True
Zach Pop,TOR,75.48,2.09,Zach Pop,20185,647315,-271.69800000000004,True
Tyler Gilbert,CHW,75.44,2.52,Tyler Gilbert,17964,656457,-271.73800000000006,True
Cooper Criswell,BOS,75.28,3.71,Cooper Criswell,24975,681867,-271.898,True
Alek Jacob,SDP,75.25,2.74,Alek Jacob,29628,689690,-271.92800000000005,True
Keaton Winn,SFG,75.2,3.45,Keaton Winn,23499,676775,-271.97800000000007,True
Jimmy Herget,COL,75.18,2.56,Jimmy Herget,17556,623474,-271.99800000000005,True
Nic Enright,CLE,75.1,2.61,Nic Enright,sa3010299,663671,-272.0780000000001,True
Dillon Tate,,74.79,2.32,Dillon Tate,17796,622253,-272.38800000000003,True
Steven Wilson,CHW,73.89,2.39,Steven Wilson,20353,621051,-273.28800000000007,True
Nick Robertson,TOR,73.68,2.46,Nick Robertson,26226,687798,-273.49800000000005,True
Doug Nikhazy,CLE,73.63,2.7,Doug Nikhazy,sa3018110,680951,-273.54800000000006,True
Scott Effross,NYY,73.34,2.69,Scott Effross,18384,664123,-273.8380000000001,True
Bennett Sousa,HOU,73.34,2.51,Bennett Sousa,21345,656986,-273.8380000000001,True
Quinn Priester,BOS,73.29,3.31,Quinn Priester,25977,682990,-273.88800000000003,True
Mike Vasil,TBR,73.21,2.49,Mike Vasil,sa3017915,678024,-273.9680000000001,True
Franco Aleman,CLE,72.9,2.68,Franco Aleman,sa3018178,680916,-274.278,True
Tyler Phillips,PHI,72.81,3.17,Tyler Phillips,20629,663969,-274.36800000000005,True
Jake Diekman,ATL,72.39,2.47,Jake Diekman,5003,518617,-274.78800000000007,True
Nick Anderson,STL,72.39,2.96,Nick Anderson,18337,623433,-274.78800000000007,True
Eiberson Castellano,MIN,72.02,2.59,Eiberson Castellano,sa3015414,682769,-275.1580000000001,True
Gordon Graceffo,STL,71.92,3.69,Gordon Graceffo,29519,700669,-275.25800000000004,True
Ben Casparius,LAD,71.69,4.0,Ben Casparius,30085,676508,-275.48800000000006,True
Justin Wrobleski,LAD,71.06,3.25,Justin Wrobleski,31204,680736,-276.11800000000005,True
Kyle Nelson,ARI,70.93,2.55,Kyle Nelson,20515,669459,-276.24800000000005,True
Devin Sweet,PHI,70.9,2.83,Devin Sweet,25348,682967,-276.278,True
Luis Curvelo,TEX,70.79,2.37,Luis Curvelo,sa3008169,681168,-276.38800000000003,True
Edgardo Henriquez,LAD,70.63,2.7,Edgardo Henriquez,26944,683618,-276.54800000000006,True
Jesse Chavez,TEX,70.59,2.5,Jesse Chavez,5448,445926,-276.5880000000001,True
Steven Cruz,KCR,70.17,2.45,Steven Cruz,23165,674444,-277.00800000000004,True
Anderson Pilar,ATL,69.99,2.31,Anderson Pilar,sa917899,666768,-277.18800000000005,True
Luis Contreras,HOU,69.11,2.6,Luis Contreras,25839,664351,-278.06800000000004,True
Luis García,LAD,69.04,2.56,Luis Garcia,6984,472610,-278.13800000000003,True
James Karinchak,CHW,68.95,3.09,James Karinchak,20151,675916,-278.22800000000007,True
Trevor McDonald,SFG,68.69,2.89,Trevor McDonald,26448,686790,-278.48800000000006,True
Andrew Misiaszek,CLE,68.67,2.62,Andrew Misiaszek,sa3010118,667280,-278.50800000000004,True
Michael Mercado,PHI,67.85,3.16,Michael Mercado,23223,675650,-279.3280000000001,True
Chris Flexen,CHC,67.68,2.99,Chris Flexen,13896,623167,-279.49800000000005,True
Scott Blewett,MIN,67.49,2.94,Scott Blewett,16427,656240,-279.68800000000005,True
Cody Poteet,CHC,67.43,3.61,Cody Poteet,18769,547001,-279.74800000000005,True
Jacob Barnes,TOR,67.4,2.49,Jacob Barnes,12323,606930,-279.778,True
Yoendrys Gómez,NYY,67.24,3.18,Yoendrys Gomez,22872,672782,-279.93800000000005,True
Ross Stripling,KCR,67.13,3.43,Ross Stripling,13273,548389,-280.04800000000006,True
Trevor Richards,CHC,66.77,2.58,Trevor Richards,19309,670950,-280.4080000000001,True
Josh Simpson,MIA,65.96,2.48,Josh Simpson,sa1053035,681006,-281.2180000000001,True
Michael Petersen,LAA,65.89,2.61,Michael Petersen,20827,656848,-281.28800000000007,True
Enyel De Los Santos,ATL,65.79,2.52,Enyel De Los Santos,18403,660853,-281.38800000000003,True
Jackson Rutledge,WSN,65.26,3.04,Jackson Rutledge,26215,671131,-281.91800000000006,True
Steven Okert,HOU,65.25,2.6,Steven Okert,13580,595345,-281.92800000000005,True
Luis Guerrero,BOS,64.63,2.67,Luis Guerrero,31184,692285,-282.54800000000006,True
Anthony Maldonado,ATH,64.55,2.68,Anthony Maldonado,26034,687424,-282.62800000000004,True
Blake Walston,ARI,64.43,3.27,Blake Walston,26270,686796,-282.74800000000005,True
Will Smith,,64.4,2.44,Will Smith,8048,519293,-282.778,True
Kevin Herget,NYM,64.05,2.63,Kevin Herget,15369,643361,-283.12800000000004,True
Noah Murdock,ATH,63.98,2.11,Noah Murdock,sa919012,668716,-283.19800000000004,True
Ian Seymour,TBR,63.85,4.63,Ian Seymour,sa3014512,693855,-283.32800000000003,True
Chad Patrick,MIL,63.37,2.55,Chad Patrick,sa3017933,694477,-283.80800000000005,True
Austin Adams,BOS,63.09,2.19,Austin Adams,13801,613534,-284.0880000000001,True
Jordan Weems,ATL,62.83,2.26,Jordan Weems,13190,607179,-284.34800000000007,True
Mike Baumann,,61.52,2.84,Mike Baumann,20206,657508,-285.6580000000001,True
Roansy Contreras,BAL,61.48,2.84,Roansy Contreras,22810,672710,-285.69800000000004,True
Orlando Ribalta,WSN,61.46,1.93,Orlando Ribalta,26247,687377,-285.7180000000001,True
Cole Sulser,TBR,61.33,2.81,Cole Sulser,15256,642121,-285.84800000000007,True
Luis González,BAL,61.19,2.14,Luis Gonzalez,sa550522,593574,-285.98800000000006,True
JT Chargois,TEX,61.0,2.33,JT Chargois,13767,608638,-286.17800000000005,True
Blas Castano,SEA,60.95,2.97,Blas Castano,sa3006617,680604,-286.22800000000007,True
Tom Cosgrove,SDP,60.55,2.04,Tom Cosgrove,23443,676680,-286.62800000000004,True
Tyler Matzek,NYY,60.45,2.15,Tyler Matzek,10058,554431,-286.72800000000007,True
Richard Lovelady,TOR,60.18,2.7,Richard Lovelady,19337,663992,-286.99800000000005,True
Josh Staumont,CIN,60.07,2.93,Josh Staumont,18335,622251,-287.10800000000006,True
Jonathan Bowlan,KCR,59.61,2.69,Jonathan Bowlan,24607,680742,-287.56800000000004,True
Génesis Cabrera,NYM,59.51,2.35,Genesis Cabrera,17490,650893,-287.66800000000006,True
Cody Bolton,SEA,59.44,2.23,Cody Bolton,23265,675989,-287.73800000000006,True
Sam Bachman,LAA,58.94,2.78,Sam Bachman,29754,696147,-288.23800000000006,True
Max Kranick,NYM,58.81,2.29,Max Kranick,22175,668820,-288.36800000000005,True
J.P. France,HOU,58.74,4.08,J.P. France,21212,641585,-288.43800000000005,True
Tyler Stuart,WSN,58.7,2.42,Tyler Stuart,sa3020264,701603,-288.47800000000007,True
Jaden Hill,COL,58.64,2.29,Jaden Hill,30250,677955,-288.53800000000007,True
Gerson Garabito,TEX,58.57,2.33,Gerson Garabito,19835,642520,-288.60800000000006,True
Zach Maxwell,CIN,58.52,2.54,Zach Maxwell,sa3020255,687209,-288.6580000000001,True
Zach Agnos,COL,58.48,2.58,Zach Agnos,sa3020560,688642,-288.69800000000004,True
Brent Headrick,NYY,58.3,3.0,Brent Headrick,27702,687396,-288.87800000000004,True
Hunter Stratton,PIT,58.28,2.65,Hunter Stratton,23455,676702,-288.898,True
Will Klein,SEA,58.09,2.21,Will Klein,27787,694361,-289.0880000000001,True
Carson Whisenhunt,SFG,57.65,4.44,Carson Whisenhunt,sa3020529,687931,-289.5280000000001,True
Jacob Lopez,ATH,57.5,3.09,Jacob Lopez,25098,682052,-289.67800000000005,True
Brooks Raley,,57.15,2.7,Brooks Raley,10061,548384,-290.0280000000001,True
Bradley Blalock,COL,57.12,3.58,Bradley Blalock,26419,687134,-290.05800000000005,True
Scott McGough,ARI,56.72,2.52,Scott McGough,12056,543518,-290.4580000000001,True
Josh Walker,TOR,56.61,2.45,Josh Walker,23617,677020,-290.56800000000004,True
Tommy Henry,ARI,56.24,2.89,Tommy Henry,26285,674072,-290.93800000000005,True
Noah Cameron,KCR,56.18,3.15,Noah Cameron,sa3018097,702070,-290.99800000000005,True
Dylan Dodd,ATL,55.82,2.68,Dylan Dodd,29928,689266,-291.35800000000006,True
Cristian Javier,HOU,54.87,3.55,Cristian Javier,17606,664299,-292.30800000000005,True
Jackson Kowar,SEA,54.83,2.32,Jackson Kowar,21549,663804,-292.34800000000007,True
Peter Strzelecki,PIT,54.56,2.31,Peter Strzelecki,21367,657265,-292.61800000000005,True
Tanner Gordon,COL,54.45,2.69,Tanner Gordon,27669,685299,-292.72800000000007,True
Joe Jiménez,ATL,54.24,2.65,Joe Jimenez,15761,641729,-292.93800000000005,True
Brent Honeywell,,54.14,2.88,Brent Honeywell,16466,641703,-293.03800000000007,True
Evan Sisk,KCR,54.12,2.58,Evan Sisk,sa3007612,681895,-293.05800000000005,True
Ethan Roberts,CHC,54.12,2.33,Ethan Roberts,24930,681799,-293.05800000000005,True
Brusdar Graterol,LAD,53.77,2.8,Brusdar Graterol,20367,660813,-293.4080000000001,True
Grant Anderson,MIL,53.64,2.57,Grant Anderson,20546,681982,-293.53800000000007,True
Luarbert Arias,MIA,53.62,2.25,Luarbert Arias,sa3007599,678215,-293.55800000000005,True
Hurston Waldrep,ATL,53.11,4.42,Hurston Waldrep,33527,694462,-294.06800000000004,True
Yunior Marte,,52.29,2.23,Yunior Marte,14416,628708,-294.88800000000003,True
Caleb Kilian,CHC,52.05,3.17,Caleb Kilian,26213,668873,-295.12800000000004,True
Deivi García,MIL,51.89,2.66,Deivi Garcia,20276,665620,-295.28800000000007,True
Amir Garrett,TOR,51.87,2.43,Amir Garrett,14375,607237,-295.30800000000005,True
Diego Castillo,COL,51.62,2.17,Diego Castillo,17496,650895,-295.55800000000005,True
Alan Rangel,PHI,51.48,2.63,Alan Rangel,sa877578,660604,-295.69800000000004,True
John McMillon,PHI,51.26,3.07,John McMillon,27942,669111,-295.91800000000006,True
Carson Seymour,SFG,51.09,2.62,Carson Seymour,sa3017868,693313,-296.0880000000001,True
Joe Rock,TBR,51.03,3.38,Joe Rock,sa3017755,697812,-296.148,True
Omar Cruz,SDP,50.94,2.7,Omar Cruz,sa3006971,678316,-296.23800000000006,True
Connor Gillispie,MIA,50.73,2.54,Connor Gillispie,26171,687362,-296.44800000000004,True
Victor González,LAA,50.56,2.32,Victor Gonzalez,16408,624647,-296.61800000000005,True
Rolddy Munoz,ATL,50.45,2.51,Rolddy Munoz,sa3011575,691548,-296.72800000000007,True
Matt Barnes,,50.32,2.01,Matt Barnes,12863,598264,-296.85800000000006,True
Michael Kelly,ATH,49.94,2.61,Michael Kelly,12791,547184,-297.23800000000006,True
Carson Ragsdale,SFG,49.71,2.81,Carson Ragsdale,sa3014922,685068,-297.4680000000001,True
Brandon Eisert,CHW,49.71,2.41,Brandon Eisert,27668,685126,-297.4680000000001,True
Shintaro Fujinami,SEA,49.46,2.69,Shintaro Fujinami,31839,660261,-297.7180000000001,True
Joely Rodríguez,BOS,48.97,2.2,Joely Rodriguez,11487,570257,-298.2080000000001,True
Sem Robberse,STL,48.83,2.68,Sem Robberse,sa3011735,691828,-298.34800000000007,True
Brandon Young,BAL,48.53,3.01,Brandon Young,sa3014926,687064,-298.648,True
José Cisnero,,48.31,2.51,Jose Cisnero,6399,542585,-298.86800000000005,True
Huascar Ynoa,MIN,47.09,2.63,Huascar Ynoa,20468,660623,-300.0880000000001,True
Connor Phillips,CIN,47.01,2.5,Connor Phillips,27649,683175,-300.16800000000006,True
Chase Lee,DET,47.01,2.39,Chase Lee,sa3016946,695445,-300.16800000000006,True
Logan VanWey,HOU,46.77,2.32,Logan VanWey,sa3019956,701121,-300.4080000000001,True
Adam Cimber,,46.61,2.34,Adam Cimber,15288,643256,-300.56800000000004,True
Colten Brewer,NYY,46.59,2.46,Colten Brewer,12997,605155,-300.5880000000001,True
Colton Gordon,HOU,46.57,3.49,Colton Gordon,sa3019426,676467,-300.60800000000006,True
Joe La Sorsa,CIN,46.42,2.53,Joe La Sorsa,25481,686747,-300.75800000000004,True
Yohan Ramírez,PIT,46.38,2.19,Yohan Ramirez,19444,670990,-300.79800000000006,True
Brandyn Garcia,SEA,46.06,2.36,Brandyn Garcia,sa3022951,805299,-301.11800000000005,True
Mason Fluharty,TOR,45.85,2.32,Mason Fluharty,sa3020261,689254,-301.32800000000003,True
Tyler Wells,BAL,45.2,3.03,Tyler Wells,20000,669330,-301.97800000000007,True
Victor Mederos,LAA,45.15,2.19,Victor Mederos,31533,682989,-302.0280000000001,True
Enoli Paredes,ATL,45.13,2.58,Enoli Paredes,20447,660600,-302.04800000000006,True
Ryan Webb,CLE,44.89,2.35,Ryan Webb,sa3018280,669067,-302.28800000000007,True
Amos Willingham,ATL,44.85,2.47,Amos Willingham,26128,686294,-302.32800000000003,True
Tyler Mattison,DET,44.71,2.19,Tyler Mattison,sa3018117,694331,-302.4680000000001,True
Luis Frías,CLE,44.68,2.26,Luis Frias,21997,666818,-302.49800000000005,True
Kade Strowd,BAL,44.0,2.4,Kade Strowd,sa3011418,669704,-303.17800000000005,True
Ryan Loutos,STL,43.93,1.95,Ryan Loutos,29521,702795,-303.24800000000005,True
Eric Orze,TBR,43.93,2.32,Eric Orze,27626,679358,-303.24800000000005,True
Xzavion Curry,MIA,43.86,2.69,Xzavion Curry,25595,675540,-303.31800000000004,True
Kyle Amendt,ARI,43.81,2.77,Kyle Amendt,sa3022904,694900,-303.36800000000005,True
Anthony Molina,COL,43.8,2.11,Anthony Molina,26952,683627,-303.37800000000004,True
Roddery Muñoz,STL,43.71,3.01,Roddery Munoz,25311,682610,-303.4680000000001,True
Jake Eder,CHW,43.58,2.68,Jake Eder,27590,671109,-303.59800000000007,True
Ryan Borucki,PIT,43.51,2.5,Ryan Borucki,16350,621366,-303.66800000000006,True
Penn Murfee,CHW,43.19,2.52,Penn Murfee,25174,682171,-303.98800000000006,True
Jonathan Hernández,TBR,43.16,2.49,Jonathan Hernandez,17464,642546,-304.01800000000003,True
Davis Daniel,ATL,43.06,3.11,Davis Daniel,27582,669721,-304.11800000000005,True
Bailey Horn,STL,42.59,2.38,Bailey Horn,27753,690544,-304.5880000000001,True
Grant Wolfram,MIL,42.45,2.46,Grant Wolfram,sa3008313,664991,-304.72800000000007,True
Nate Lavender,TBR,41.96,2.54,Nate Lavender,sa3017917,681320,-305.2180000000001,True
Sam Hentges,CLE,41.92,2.64,Sam Hentges,18548,656529,-305.25800000000004,True
Francis Pena,SDP,41.88,2.44,Francis Pena,sa3019374,800212,-305.29800000000006,True
Yerry De Los Santos,NYY,41.88,2.12,Yerry De Los Santos,21420,660787,-305.29800000000006,True
Evan Justice,COL,41.7,1.64,Evan Justice,30008,687145,-305.47800000000007,True
Elvis Alvarado,ATH,41.65,2.4,Elvis Alvarado,sa919291,665660,-305.5280000000001,True
Carson Fulmer,PIT,41.39,2.48,Carson Fulmer,18311,608334,-305.78800000000007,True
Ethan Small,SFG,40.86,2.84,Ethan Small,26364,663629,-306.31800000000004,True
Easton Lucas,TOR,40.77,2.45,Easton Lucas,26058,687922,-306.4080000000001,True
Mick Abel,PHI,40.43,2.34,Mick Abel,sa3014534,690953,-306.74800000000005,True
Bryan Shaw,CIN,40.14,1.99,Bryan Shaw,8110,543766,-307.03800000000007,True
Zach Penrod,BOS,39.17,1.99,Zach Penrod,25368,683068,-308.00800000000004,True
Connor Brogdon,LAA,38.92,2.37,Connor Brogdon,21205,641401,-308.25800000000004,True
J.B. Bukauskas,MIL,38.54,2.3,J.B. Bukauskas,20491,656266,-308.63800000000003,True
Alex Young,CIN,38.48,2.25,Alex Young,18333,622065,-308.69800000000004,True
Chris Devenski,NYM,38.31,2.54,Chris Devenski,12763,606965,-308.86800000000005,True
Seth Johnson,PHI,38.23,2.29,Seth Johnson,26020,686751,-308.94800000000004,True
Anthony Misiewicz,MIN,37.81,2.48,Anthony Misiewicz,18152,664948,-309.36800000000005,True
Brett de Geus,MIA,37.62,1.62,Brett de Geus,23592,676969,-309.55800000000005,True
Phil Bickford,CHC,37.19,2.63,Phil Bickford,18519,641360,-309.98800000000006,True
Parker Mushinski,CLE,37.14,2.1,Parker Mushinski,21324,656786,-310.03800000000007,True
Eric Cerantola,KCR,37.11,2.35,Eric Cerantola,sa3017914,672021,-310.06800000000004,True
Daniel Bard,,36.51,2.38,Daniel Bard,7115,453268,-310.66800000000006,True
Guillo Zuñiga,PHI,36.39,2.12,Guillo Zuniga,19588,670871,-310.78800000000007,True
Jack Dreyer,LAD,36.24,2.41,Jack Dreyer,sa3018789,676263,-310.93800000000005,True
Christian Roa,MIA,35.64,2.68,Christian Roa,sa3014477,685005,-311.53800000000007,True
Kyle Tyler,PHI,35.63,2.65,Kyle Tyler,22092,667725,-311.54800000000006,True
Dan Altavilla,CHW,35.55,1.98,Dan Altavilla,16507,656186,-311.62800000000004,True
Jay Jackson,,35.33,2.48,Jay Jackson,7432,543351,-311.84800000000007,True
Kolby Allard,CLE,34.99,2.91,Kolby Allard,18694,663465,-312.18800000000005,True
Dany Jiménez,ATL,34.85,3.16,Dany Jimenez,21170,666204,-312.32800000000003,True
Matt Gage,DET,34.37,2.81,Matt Gage,17381,657424,-312.80800000000005,True
Chase Shugart,PIT,34.22,2.21,Chase Shugart,21544,663767,-312.9580000000001,True
Matt Bowman,BAL,33.84,2.51,Matt Bowman,13528,621199,-313.3380000000001,True
Kai-Wei Teng,SFG,33.64,3.34,Kai-Wei Teng,24282,678906,-313.53800000000007,True
Luis Patiño,SDP,32.98,2.64,Luis Patino,22815,672715,-314.19800000000004,True
Angel Bastardo,TOR,32.9,2.43,Angel Bastardo,sa3009716,682785,-314.2780000000001,True
Michael Flynn,TBR,32.69,2.83,Michael Flynn,sa3006803,663901,-314.48800000000006,True
Justin Hagenman,NYM,32.66,2.4,Justin Hagenman,sa3008022,663795,-314.51800000000003,True
Vinny Nittoli,MIL,31.88,2.48,Vinny Nittoli,16754,657697,-315.29800000000006,True
Drew Pomeranz,SEA,31.77,2.23,Drew Pomeranz,11426,519141,-315.4080000000001,True
Hayden Harris,ATL,31.75,2.56,Hayden Harris,sa3019913,802686,-315.42800000000005,True
J.B. Wendelken,SDP,31.6,2.11,J.B. Wendelken,14506,605525,-315.57800000000003,True
Dominic Leone,,31.5,2.15,Dominic Leone,13763,608678,-315.67800000000005,True
Dakota Hudson,LAA,31.44,2.51,Dakota Hudson,19206,641712,-315.73800000000006,True
Keynan Middleton,,31.31,2.7,Keynan Middleton,15264,641871,-315.86800000000005,True
Janson Junk,MIA,31.3,2.39,Janson Junk,23301,676083,-315.87800000000004,True
Dylan Covey,ATL,31.06,2.53,Dylan Covey,14825,592229,-316.11800000000005,True
José Ureña,NYM,31.0,2.72,Jose Urena,11589,570632,-316.17800000000005,True
Ryan Miller,DET,30.91,2.24,Ryan Miller,22187,668943,-316.26800000000003,True
Michael Darrell-Hicks,LAA,30.88,2.31,Michael Darrell-Hicks,sa3020438,690382,-316.29800000000006,True
Matt Festa,TEX,30.53,2.76,Matt Festa,19330,670036,-316.648,True
Casey Legumina,SEA,30.4,2.76,Casey Legumina,25921,668984,-316.7780000000001,True
Alex Speas,MIN,30.33,2.41,Alex Speas,21859,666208,-316.84800000000007,True
Burch Smith,PIT,29.91,2.55,Burch Smith,12784,572143,-317.26800000000003,True
Jack Neely,CHC,29.26,2.14,Jack Neely,30106,680891,-317.91800000000006,True
Luinder Avila,KCR,29.23,2.27,Luinder Avila,sa3006507,679883,-317.94800000000004,True
Austin Warren,NYM,29.16,2.53,Austin Warren,24937,681810,-318.01800000000003,True
Tommy Doyle,COL,28.68,2.11,Tommy Doyle,21281,656382,-318.49800000000005,True
Joey Lucchesi,SFG,28.51,2.5,Joey Lucchesi,19320,664192,-318.66800000000006,True
Nick Frasso,LAD,28.42,2.23,Nick Frasso,sa3014492,693308,-318.75800000000004,True
John Curtiss,ARI,28.2,2.02,John Curtiss,16128,595928,-318.97800000000007,True
Ian Gibaut,CIN,28.05,2.68,Ian Gibaut,17871,664139,-319.12800000000004,True
Austin Davis,SDP,28.03,2.69,Austin Davis,17117,656354,-319.148,True
Lyon Richardson,CIN,27.52,2.46,Lyon Richardson,24581,680689,-319.6580000000001,True
Griff McGarry,PHI,27.49,2.04,Griff McGarry,sa3017130,676046,-319.68800000000005,True
Trevor Gott,SEA,27.25,2.31,Trevor Gott,15046,641627,-319.92800000000005,True
Thaddeus Ward,BAL,27.17,2.23,Thaddeus Ward,21513,663658,-320.00800000000004,True
Andrew Saalfrank,ARI,27.13,2.43,Andrew Saalfrank,26203,685314,-320.04800000000006,True
Taylor Clarke,KCR,25.28,2.41,Taylor Clarke,17611,664199,-321.898,True
Cole Waites,SFG,24.36,2.19,Cole Waites,25665,686972,-322.81800000000004,True
Jake Woodford,COL,22.7,2.26,Jake Woodford,18674,663765,-324.47800000000007,True
Jose Cuas,PHI,22.08,2.2,Jose Cuas,17701,621016,-325.09800000000007,True
Juan Nuñez,SDP,21.79,1.64,Juan Nunez,sa3015464,693725,-325.38800000000003,True
Jefry Yan,COL,20.65,1.9,Jefry Yan,sa828460,642376,-326.5280000000001,True
Owen White,CHW,20.27,1.66,Owen White,22273,669391,-326.9080000000001,True
Casey Lawrence,SEA,17.29,1.7,Casey Lawrence,11121,596271,-329.88800000000003,True
